text,sentiment
Utterly frustrating and unacceptable. The audio jack connection refused to honor the warranty without providing any legitimate explanation.,negative
The return and refund process charged my credit card twice for a single order without authorization. Save your money and look for better alternatives.,negative
The engineering support completely blew past our benchmark targets. Truly a 10/10 experience!,positive
Notice: the quarterly financial report was updated to reflect standard operational guidelines.,neutral
The engineering support made my day so much easier.,positive
The customer service department charged my credit card twice for a single order without authorization. Demanding an immediate and full refund!,negative
"Honestly, the customer service team made our workflow ten times faster!",positive
The audio jack connection completely crashed and lost all of my unsaved progress.,negative
The workshop will cover fundamental concepts in data structures and algorithms.,neutral
Total waste of money and valuable time. The web application interface has completely broken our existing production workflow.,negative
The navigation menu left me waiting on hold for forty-five minutes before disconnecting. Utterly frustrating and unacceptable.,negative
The latest app update completely blew past our benchmark targets.,positive
The new battery life delivered outstanding results without any hassle.,positive
Very disappointed that the battery performance completely crashed and lost all of my unsaved progress!,negative
"Honestly, the delivery driver provided exceptional and polite assistance!",positive
The hotel concierge blew me away with how intuitive it is. Highly recommended to everyone.,positive
The contract termination clause applies equally to monthly and annual tier subscribers. (Please refer to the documentation for further details.),neutral
The return policy window has been logged in the audit trail for review. (Please refer to the documentation for further details.),neutral
Zero stars if the platform allowed it. The checkout payment system is completely unresponsive to critical support tickets.,negative
The office reception desk remains valid for thirty calendar days from issue date.,neutral
The new battery life made our workflow ten times faster.,positive
Notice: the subscription plan remains valid for thirty calendar days from issue date.,neutral
The software release version 2.4 is scheduled to take place between 02:00 and 04:00 UTC. (Contact the administration desk if you have any questions.),neutral
The sound quality provided exceptional and polite assistance. Five stars all the way!,positive
The latest app update provided exceptional and polite assistance.,positive
The hotel concierge made my day so much easier.,positive
Notice: the quarterly financial report requires a confirmation code sent via email.,neutral
The weekly team sync was dispatched according to the standard postal service route.,neutral
The latest app update made our workflow ten times faster. Kudos to the team!,positive
The quarterly financial report has been logged in the audit trail for review. (Further updates will be posted on the status dashboard.),neutral
Truly a 10/10 experience! The ergonomic keyboard is worth every single cent invested.,positive
The web application interface charged my credit card twice for a single order without authorization. Zero stars if the platform allowed it.,negative
The user manual was updated to reflect standard operational guidelines.,neutral
The conference keynote session remains valid for thirty calendar days from issue date.,neutral
Will definitely order again. The sound quality worked like a charm on the first try.,positive
Notice: the quarterly financial report is scheduled to take place between 02:00 and 04:00 UTC.,neutral
The contract termination clause departs from terminal 2 at gate 14.,neutral
Five stars all the way! The camera optics feels remarkably premium and sturdy.,positive
The engineering support completely blew past our benchmark targets.,positive
The package tracking identifier arrived at the regional sorting facility this morning. Contact the administration desk if you have any questions.,neutral
The customer service department drains the battery from 100 percent to zero in less than two hours.,negative
Kudos to the team! The software performance made my day so much easier.,positive
Very disappointed that the flight departure schedule charged my credit card twice for a single order without authorization!,negative
Five stars all the way! The restaurant staff resolved our complex issue in record time.,positive
The navigation menu charged my credit card twice for a single order without authorization.,negative
The sound quality worked like a charm on the first try.,positive
The user interface saved our team countless hours this week. Truly a 10/10 experience!,positive
"Honestly, the engineering support made our workflow ten times faster!",positive
The user interface made my day so much easier. Super impressed!,positive
Keep up the brilliant work. The onboarding tutorial made my day so much easier.,positive
The office reception desk has been logged in the audit trail for review. (Contact the administration desk if you have any questions.),neutral
"Very disappointed that the recent mobile update feels cheap, flimsy, and not at all like advertised online!",negative
The customer service team runs silky smooth with zero stutter.,positive
The software performance is worth every single cent invested. Truly a 10/10 experience!,positive
The hardware cooling fan overheats dangerously within five minutes of launching any task. Extremely disappointed with this experience.,negative
The delivery driver provided exceptional and polite assistance. Kudos to the team!,positive
Very disappointed that the battery performance overheats dangerously within five minutes of launching any task!,negative
Very disappointed that the customer service department left me waiting on hold for forty-five minutes before disconnecting!,negative
The customer service department arrived severely damaged with pieces scattered inside the box.,negative
The hotel concierge provided exceptional and polite assistance. Kudos to the team!,positive
Keep up the brilliant work. The cloud backup system runs silky smooth with zero stutter.,positive
Couldn't be happier with this purchase. The sound quality exceeded all my expectations.,positive
The latest app update delivered outstanding results without any hassle. Super impressed!,positive
The delivery driver is worth every single cent invested.,positive
Highly recommended to everyone. The sound quality delivered outstanding results without any hassle.,positive
The server infrastructure is full of broken links and cryptic error messages. Demanding an immediate and full refund!,negative
The restaurant staff worked like a charm on the first try.,positive
The return policy window allows up to 100 requests per minute per IP address. Please refer to the documentation for further details.,neutral
The contract termination clause applies equally to monthly and annual tier subscribers. Please retain this reference number for your records.,neutral
The return policy window contains detailed instructions in section four. Standard operating procedure applies as usual.,neutral
The quarterly financial report is open from Monday through Friday between 9 AM and 6 PM. Please refer to the documentation for further details.,neutral
The restaurant staff runs silky smooth with zero stutter. Kudos to the team!,positive
The server infrastructure overheats dangerously within five minutes of launching any task.,negative
The new battery life provided exceptional and polite assistance.,positive
The sound quality runs silky smooth with zero stutter.,positive
Notice: flight qr832 has been logged in the audit trail for review.,neutral
Will definitely order again. The sound quality made our workflow ten times faster.,positive
The warranty replacement service completely blew past our benchmark targets.,positive
The server infrastructure overheats dangerously within five minutes of launching any task. Save your money and look for better alternatives.,negative
The return and refund process arrived severely damaged with pieces scattered inside the box. Save your money and look for better alternatives.,negative
Demanding an immediate and full refund! The customer service department refused to honor the warranty without providing any legitimate explanation.,negative
"Honestly, the onboarding tutorial blew me away with how intuitive it is!",positive
The customer service department refused to honor the warranty without providing any legitimate explanation.,negative
"Honestly, the sound quality is by far the best choice in this price category!",positive
Notice: the conference keynote session allows up to 100 requests per minute per IP address.,neutral
Very disappointed that the product build quality refused to honor the warranty without providing any legitimate explanation!,negative
Never buying from this vendor again. The flight departure schedule overheats dangerously within five minutes of launching any task.,negative
"Honestly, the ergonomic keyboard saved our team countless hours this week!",positive
The return and refund process drains the battery from 100 percent to zero in less than two hours. Extremely disappointed with this experience.,negative
The contract termination clause will be hosted via Google Meet starting at 10:00 AM.,neutral
Notice: the delivery courier allows up to 100 requests per minute per IP address.,neutral
The conference keynote session contains detailed instructions in section four. Contact the administration desk if you have any questions.,neutral
The cloud backup system completely blew past our benchmark targets. Super impressed!,positive
This wireless headset is worth every single cent invested. Kudos to the team!,positive
The delivery carrier completely crashed and lost all of my unsaved progress. Extremely disappointed with this experience.,negative
Notice: the conference keynote session will be hosted via Google Meet starting at 10:00 AM.,neutral
The weekly team sync arrived at the regional sorting facility this morning. (Standard operating procedure applies as usual.),neutral
Very disappointed that the customer service department left me waiting on hold for forty-five minutes before disconnecting!,negative
The user interface blew me away with how intuitive it is. Highly recommended to everyone.,positive
"Honestly, the payment gateway integration feels remarkably premium and sturdy!",positive
Notice: the return policy window has been logged in the audit trail for review.,neutral
Couldn't be happier with this purchase. The sound quality blew me away with how intuitive it is.,positive
The delivery courier requires a confirmation code sent via email. Contact the administration desk if you have any questions.,neutral
The checkout process feels remarkably premium and sturdy.,positive
The navigation menu refused to honor the warranty without providing any legitimate explanation. Extremely disappointed with this experience.,negative
The contract termination clause was dispatched according to the standard postal service route. (No immediate action is required on your part.),neutral
Demanding an immediate and full refund! The hardware cooling fan arrived severely damaged with pieces scattered inside the box.,negative
Never buying from this vendor again. The flight departure schedule left me waiting on hold for forty-five minutes before disconnecting.,negative
Total waste of money and valuable time. The hotel room cleanliness is full of broken links and cryptic error messages.,negative
The flight departure schedule charged my credit card twice for a single order without authorization.,negative
Five stars all the way! The software performance feels remarkably premium and sturdy.,positive
"Very disappointed that the customer service department is ridiculously slow, buggy, and frustrating to use!",negative
Truly a 10/10 experience! The cloud backup system is by far the best choice in this price category.,positive
The navigation menu is completely unresponsive to critical support tickets. Never buying from this vendor again.,negative
The billing department indicates an average response time of 240 milliseconds. Please refer to the documentation for further details.,neutral
Demanding an immediate and full refund! The web application interface charged my credit card twice for a single order without authorization.,negative
The mobile app runs silky smooth with zero stutter.,positive
The cloud backup system completely blew past our benchmark targets.,positive
The train timetable is scheduled to take place between 02:00 and 04:00 UTC. (Further updates will be posted on the status dashboard.),neutral
Five stars all the way! The hotel concierge saved our team countless hours this week.,positive
The subscription plan will be hosted via Google Meet starting at 10:00 AM. No immediate action is required on your part.,neutral
Total waste of money and valuable time. The return and refund process left me waiting on hold for forty-five minutes before disconnecting.,negative
Total waste of money and valuable time. The audio jack connection broke apart into pieces after only two days of gentle use.,negative
Zero stars if the platform allowed it. The flight departure schedule overheats dangerously within five minutes of launching any task.,negative
The network switch operates at standard gigabit Ethernet transmission speeds.,neutral
Very disappointed that the navigation menu arrived severely damaged with pieces scattered inside the box!,negative
The warranty replacement service runs silky smooth with zero stutter. Keep up the brilliant work.,positive
"Honestly, the new battery life saved our team countless hours this week!",positive
The return policy window arrived at the regional sorting facility this morning. Standard operating procedure applies as usual.,neutral
The store operating hours was updated to reflect standard operational guidelines. (Please refer to the documentation for further details.),neutral
This wireless headset saved our team countless hours this week. Will definitely order again.,positive
The server infrastructure was delayed by seven hours without food or accommodation vouchers.,negative
The new battery life worked like a charm on the first try.,positive
Kudos to the team! The software performance exceeded all my expectations.,positive
Total waste of money and valuable time. The technical support agent drains the battery from 100 percent to zero in less than two hours.,negative
The train timetable allows up to 100 requests per minute per IP address.,neutral
The package tracking identifier indicates an average response time of 240 milliseconds.,neutral
Notice: the package tracking identifier indicates an average response time of 240 milliseconds.,neutral
The train timetable has been logged in the audit trail for review. Contact the administration desk if you have any questions.,neutral
Very disappointed that the hardware cooling fan has completely broken our existing production workflow!,negative
The audio jack connection overheats dangerously within five minutes of launching any task. Never buying from this vendor again.,negative
The subscription plan requires a confirmation code sent via email. (Please retain this reference number for your records.),neutral
The restaurant staff blew me away with how intuitive it is. Kudos to the team!,positive
The return policy window was updated to reflect standard operational guidelines. (No immediate action is required on your part.),neutral
The weekly team sync remains valid for thirty calendar days from issue date. Further updates will be posted on the status dashboard.,neutral
Notice: flight qr832 has been logged in the audit trail for review.,neutral
The contract termination clause arrived at the regional sorting facility this morning. No immediate action is required on your part.,neutral
The billing department will be hosted via Google Meet starting at 10:00 AM.,neutral
Notice: the store operating hours indicates an average response time of 240 milliseconds.,neutral
Notice: the user manual was dispatched according to the standard postal service route.,neutral
The customer service department completely crashed and lost all of my unsaved progress.,negative
"Honestly, the new battery life blew me away with how intuitive it is!",positive
The store operating hours allows up to 100 requests per minute per IP address. (No immediate action is required on your part.),neutral
The warranty replacement service runs silky smooth with zero stutter.,positive
Very disappointed that the recent mobile update broke apart into pieces after only two days of gentle use!,negative
The return policy window applies equally to monthly and annual tier subscribers. (Please retain this reference number for your records.),neutral
The ergonomic keyboard made my day so much easier. Couldn't be happier with this purchase.,positive
Our flight crew completely blew past our benchmark targets.,positive
The recent mobile update overheats dangerously within five minutes of launching any task. Never buying from this vendor again.,negative
The mobile app feels remarkably premium and sturdy.,positive
Very disappointed that the customer service department broke apart into pieces after only two days of gentle use!,negative
The checkout payment system broke apart into pieces after only two days of gentle use. Total waste of money and valuable time.,negative
The hotel room cleanliness was delayed by seven hours without food or accommodation vouchers.,negative
The mobile app saved our team countless hours this week. Super impressed!,positive
"Honestly, the checkout process is by far the best choice in this price category!",positive
Waited three weeks for a replacement unit only to receive another defective item.,negative
"Honestly, the payment gateway integration is by far the best choice in this price category!",positive
The flight departure schedule overheats dangerously within five minutes of launching any task.,negative
The product build quality has completely broken our existing production workflow.,negative
The engineering support runs silky smooth with zero stutter.,positive
The quarterly financial report departs from terminal 2 at gate 14. Please refer to the documentation for further details.,neutral
Extremely disappointed with this experience. The recent mobile update refused to honor the warranty without providing any legitimate explanation.,negative
The delivery driver completely blew past our benchmark targets.,positive
Highly recommended to everyone. Our flight crew is by far the best choice in this price category.,positive
"Honestly, the ergonomic keyboard delivered outstanding results without any hassle!",positive
The return policy window contains detailed instructions in section four. Further updates will be posted on the status dashboard.,neutral
The onboarding tutorial worked like a charm on the first try. Couldn't be happier with this purchase.,positive
The delivery carrier refused to honor the warranty without providing any legitimate explanation. Utterly frustrating and unacceptable.,negative
"Honestly, the payment gateway integration worked like a charm on the first try!",positive
The contract termination clause requires a confirmation code sent via email. (Please retain this reference number for your records.),neutral
Notice: the delivery courier is scheduled to take place between 02:00 and 04:00 UTC.,neutral
Very disappointed that the audio jack connection has completely broken our existing production workflow!,negative
Will definitely order again. The customer service team is worth every single cent invested.,positive
"Zero stars if the platform allowed it. The hardware cooling fan is ridiculously slow, buggy, and frustrating to use.",negative
"Honestly, the onboarding tutorial made our workflow ten times faster!",positive
Very disappointed that the flight departure schedule completely crashed and lost all of my unsaved progress!,negative
The database backup cron job was updated to reflect standard operational guidelines. No immediate action is required on your part.,neutral
Very disappointed that the checkout payment system arrived severely damaged with pieces scattered inside the box!,negative
Notice: the subscription plan is scheduled to take place between 02:00 and 04:00 UTC.,neutral
Notice: the contract termination clause was updated to reflect standard operational guidelines.,neutral
Very disappointed that the delivery carrier broke apart into pieces after only two days of gentle use!,negative
Notice: flight qr832 will be hosted via Google Meet starting at 10:00 AM.,neutral
"Delicious food, welcoming hospitality, and fantastic atmosphere overall.",positive
"The battery performance feels cheap, flimsy, and not at all like advertised online. Extremely disappointed with this experience.",negative
Notice: the return policy window remains valid for thirty calendar days from issue date.,neutral
"Honestly, the sound quality saved our team countless hours this week!",positive
"Honestly, the analytics dashboard is by far the best choice in this price category!",positive
The battery performance broke apart into pieces after only two days of gentle use. Utterly frustrating and unacceptable.,negative
The battery performance drains the battery from 100 percent to zero in less than two hours. Never buying from this vendor again.,negative
"Honestly, the latest app update provided exceptional and polite assistance!",positive
The instructions are contradictory and impossible to follow for beginners.,negative
Very disappointed that the hardware cooling fan refused to honor the warranty without providing any legitimate explanation!,negative
The package tracking identifier requires a confirmation code sent via email. (Contact the administration desk if you have any questions.),neutral
Zero stars if the platform allowed it. The server infrastructure drains the battery from 100 percent to zero in less than two hours.,negative
Never buying from this vendor again. The recent mobile update broke apart into pieces after only two days of gentle use.,negative
The analytics dashboard worked like a charm on the first try. Kudos to the team!,positive
The package tracking identifier requires a confirmation code sent via email.,neutral
The weekly team sync was updated to reflect standard operational guidelines.,neutral
Notice: the office reception desk is scheduled to take place between 02:00 and 04:00 UTC.,neutral
The return and refund process broke apart into pieces after only two days of gentle use.,negative
Very disappointed that the technical support agent broke apart into pieces after only two days of gentle use!,negative
Notice: the train timetable requires a confirmation code sent via email.,neutral
The quarterly financial report arrived at the regional sorting facility this morning.,neutral
The product build quality broke apart into pieces after only two days of gentle use. Save your money and look for better alternatives.,negative
The delivery carrier refused to honor the warranty without providing any legitimate explanation.,negative
The ergonomic keyboard worked like a charm on the first try. Super impressed!,positive
The return policy window was dispatched according to the standard postal service route. Please refer to the documentation for further details.,neutral
The customer service team blew me away with how intuitive it is.,positive
The user manual requires a confirmation code sent via email. (Further updates will be posted on the status dashboard.),neutral
The store operating hours contains detailed instructions in section four. (Please retain this reference number for your records.),neutral
The audio jack connection arrived severely damaged with pieces scattered inside the box. Save your money and look for better alternatives.,negative
Very disappointed that the server infrastructure was delayed by seven hours without food or accommodation vouchers!,negative
Very disappointed that the subscription billing mechanism has completely broken our existing production workflow!,negative
"The hardware cooling fan feels cheap, flimsy, and not at all like advertised online. Utterly frustrating and unacceptable.",negative
The software performance provided exceptional and polite assistance. Kudos to the team!,positive
Notice: the user manual applies equally to monthly and annual tier subscribers.,neutral
The train timetable requires a confirmation code sent via email. (Contact the administration desk if you have any questions.),neutral
"Honestly, the software performance saved our team countless hours this week!",positive
Our flight crew is worth every single cent invested. Will definitely order again.,positive
Notice: the api endpoint rate limit has been logged in the audit trail for review.,neutral
Keep up the brilliant work. The user interface delivered outstanding results without any hassle.,positive
"Honestly, the sound quality provided exceptional and polite assistance!",positive
"Very disappointed that the food quality feels cheap, flimsy, and not at all like advertised online!",negative
The database backup cron job was updated to reflect standard operational guidelines. Please refer to the documentation for further details.,neutral
The delivery carrier left me waiting on hold for forty-five minutes before disconnecting.,negative
Super impressed! This wireless headset is by far the best choice in this price category.,positive
"Very disappointed that the customer service department feels cheap, flimsy, and not at all like advertised online!",negative
The contract termination clause is open from Monday through Friday between 9 AM and 6 PM. (Further updates will be posted on the status dashboard.),neutral
Extremely disappointed with this experience. The product build quality is completely unresponsive to critical support tickets.,negative
The server infrastructure is full of broken links and cryptic error messages.,negative
The new battery life runs silky smooth with zero stutter. Super impressed!,positive
The physical dimensions of the container measure 30 by 20 by 15 centimeters.,neutral
The analytics dashboard worked like a charm on the first try. Truly a 10/10 experience!,positive
The technical support agent is full of broken links and cryptic error messages.,negative
The onboarding tutorial made our workflow ten times faster. Truly a 10/10 experience!,positive
The quarterly financial report allows up to 100 requests per minute per IP address. Please refer to the documentation for further details.,neutral
The subscription plan was updated to reflect standard operational guidelines. (Further updates will be posted on the status dashboard.),neutral
The account security system has completely broken our existing production workflow. Never buying from this vendor again.,negative
The software performance made my day so much easier.,positive
The warranty replacement service feels remarkably premium and sturdy.,positive
The store operating hours applies equally to monthly and annual tier subscribers. Standard operating procedure applies as usual.,neutral
"Honestly, the cloud backup system completely blew past our benchmark targets!",positive
The restaurant staff blew me away with how intuitive it is. Will definitely order again.,positive
Highly recommended to everyone. The hotel concierge runs silky smooth with zero stutter.,positive
The flight departure schedule has completely broken our existing production workflow.,negative
Very disappointed that the recent mobile update has completely broken our existing production workflow!,negative
Couldn't be happier with this purchase. The mobile app is worth every single cent invested.,positive
The user manual requires a confirmation code sent via email.,neutral
The user interface feels remarkably premium and sturdy. Kudos to the team!,positive
Zero stars if the platform allowed it. The subscription billing mechanism is completely unresponsive to critical support tickets.,negative
The scheduled maintenance window requires a confirmation code sent via email. (Please retain this reference number for your records.),neutral
The camera optics exceeded all my expectations.,positive
The flight departure schedule charged my credit card twice for a single order without authorization. Total waste of money and valuable time.,negative
The package tracking identifier was dispatched according to the standard postal service route. (Please retain this reference number for your records.),neutral
Notice: the server cpu load will be hosted via Google Meet starting at 10:00 AM.,neutral
The subscription plan indicates an average response time of 240 milliseconds. (Standard operating procedure applies as usual.),neutral
The API endpoint rate limit is scheduled to take place between 02:00 and 04:00 UTC. Please refer to the documentation for further details.,neutral
Notice: flight qr832 arrived at the regional sorting facility this morning.,neutral
The return and refund process is full of broken links and cryptic error messages. Extremely disappointed with this experience.,negative
Notice: the weekly team sync contains detailed instructions in section four.,neutral
The package tracking identifier applies equally to monthly and annual tier subscribers. (Standard operating procedure applies as usual.),neutral
The subscription plan remains valid for thirty calendar days from issue date. (No immediate action is required on your part.),neutral
The return policy window departs from terminal 2 at gate 14. (Standard operating procedure applies as usual.),neutral
Very disappointed that the account security system overheats dangerously within five minutes of launching any task!,negative
Truly a 10/10 experience! The customer service team is worth every single cent invested.,positive
Five stars all the way! The mobile app runs silky smooth with zero stutter.,positive
Highly recommended to everyone. The hotel concierge completely blew past our benchmark targets.,positive
The analytics dashboard runs silky smooth with zero stutter. Five stars all the way!,positive
The user manual is open from Monday through Friday between 9 AM and 6 PM.,neutral
The checkout process made my day so much easier. Keep up the brilliant work.,positive
Demanding an immediate and full refund! The delivery carrier was delayed by seven hours without food or accommodation vouchers.,negative
The server infrastructure arrived severely damaged with pieces scattered inside the box.,negative
The automated reporting feature works flawlessly and saves me hours each morning.,positive
"Very disappointed that the food quality is ridiculously slow, buggy, and frustrating to use!",negative
Notice: the user manual is scheduled to take place between 02:00 and 04:00 UTC.,neutral
The hotel room cleanliness is completely unresponsive to critical support tickets. Demanding an immediate and full refund!,negative
The package tracking identifier allows up to 100 requests per minute per IP address. Standard operating procedure applies as usual.,neutral
Save your money and look for better alternatives. The recent mobile update refused to honor the warranty without providing any legitimate explanation.,negative
The quarterly financial report indicates an average response time of 240 milliseconds. Please retain this reference number for your records.,neutral
Very disappointed that the checkout payment system left me waiting on hold for forty-five minutes before disconnecting!,negative
The scheduled maintenance window departs from terminal 2 at gate 14. (Please refer to the documentation for further details.),neutral
The technical support agent drains the battery from 100 percent to zero in less than two hours.,negative
The API endpoint rate limit allows up to 100 requests per minute per IP address.,neutral
"Very disappointed that the return and refund process feels cheap, flimsy, and not at all like advertised online!",negative
Will definitely order again. The onboarding tutorial blew me away with how intuitive it is.,positive
The user manual applies equally to monthly and annual tier subscribers. (Further updates will be posted on the status dashboard.),neutral
The server CPU load allows up to 100 requests per minute per IP address. Standard operating procedure applies as usual.,neutral
The delivery carrier completely crashed and lost all of my unsaved progress. Demanding an immediate and full refund!,negative
The food tasted stale and half of our dinner order was missing from the bag.,negative
Demanding an immediate and full refund! The battery performance refused to honor the warranty without providing any legitimate explanation.,negative
Never buying from this vendor again. The account security system drains the battery from 100 percent to zero in less than two hours.,negative
Very disappointed that the product build quality drains the battery from 100 percent to zero in less than two hours!,negative
"Honestly, the latest app update made our workflow ten times faster!",positive
Very disappointed that the hotel room cleanliness is full of broken links and cryptic error messages!,negative
Notice: the quarterly financial report departs from terminal 2 at gate 14.,neutral
"The flight departure schedule is ridiculously slow, buggy, and frustrating to use.",negative
Very disappointed that the flight departure schedule charged my credit card twice for a single order without authorization!,negative
Will definitely order again. The restaurant staff resolved our complex issue in record time.,positive
Kudos to the team! The onboarding tutorial made my day so much easier.,positive
"The subscription billing mechanism feels cheap, flimsy, and not at all like advertised online. Utterly frustrating and unacceptable.",negative
The delivery driver feels remarkably premium and sturdy. Super impressed!,positive
An absolute game changer for our engineering and marketing workflows.,positive
Flight QR832 was updated to reflect standard operational guidelines.,neutral
The recent mobile update is full of broken links and cryptic error messages. Zero stars if the platform allowed it.,negative
Couldn't be happier with this purchase. The delivery driver made our workflow ten times faster.,positive
Submissions must be received prior to midnight on the final day of the month.,neutral
The office reception desk remains valid for thirty calendar days from issue date. Standard operating procedure applies as usual.,neutral
Very disappointed that the navigation menu charged my credit card twice for a single order without authorization!,negative
The return policy window departs from terminal 2 at gate 14.,neutral
The audio jack connection completely crashed and lost all of my unsaved progress.,negative
The package tracking identifier has been logged in the audit trail for review. (Please retain this reference number for your records.),neutral
Very disappointed that the battery performance drains the battery from 100 percent to zero in less than two hours!,negative
The user manual has been logged in the audit trail for review. (Standard operating procedure applies as usual.),neutral
The software release version 2.4 is open from Monday through Friday between 9 AM and 6 PM. (Please retain this reference number for your records.),neutral
The food quality has completely broken our existing production workflow.,negative
The weekly team sync indicates an average response time of 240 milliseconds. Further updates will be posted on the status dashboard.,neutral
The account verification link has been logged in the audit trail for review. No immediate action is required on your part.,neutral
Highly recommended to everyone. The new battery life is by far the best choice in this price category.,positive
Very disappointed that the battery performance broke apart into pieces after only two days of gentle use!,negative
Our flight crew provided exceptional and polite assistance.,positive
Train departures occur at thirty-minute intervals throughout the day.,neutral
Everything from the packaging to the build quality feels luxurious and thoughtful.,positive
The noise cancellation on these headphones makes working in noisy cafes a breeze.,positive
Super impressed! The mobile app worked like a charm on the first try.,positive
"The recent mobile update feels cheap, flimsy, and not at all like advertised online. Save your money and look for better alternatives.",negative
The delivery courier remains valid for thirty calendar days from issue date.,neutral
Notice: the quarterly financial report has been logged in the audit trail for review.,neutral
Super impressed! The restaurant staff feels remarkably premium and sturdy.,positive
Very disappointed that the subscription billing mechanism is completely unresponsive to critical support tickets!,negative
"Honestly, the cloud backup system worked like a charm on the first try!",positive
Very disappointed that the food quality left me waiting on hold for forty-five minutes before disconnecting!,negative
"Honestly, the engineering support resolved our complex issue in record time!",positive
Very disappointed that the technical support agent is completely unresponsive to critical support tickets!,negative
The API endpoint rate limit applies equally to monthly and annual tier subscribers. (Contact the administration desk if you have any questions.),neutral
The quarterly financial report was dispatched according to the standard postal service route. (Please refer to the documentation for further details.),neutral
The package tracking identifier applies equally to monthly and annual tier subscribers. (Please retain this reference number for your records.),neutral
Notice: the contract termination clause requires a confirmation code sent via email.,neutral
Notice: flight qr832 is open from Monday through Friday between 9 AM and 6 PM.,neutral
The recent mobile update is full of broken links and cryptic error messages.,negative
"Honestly, our flight crew blew me away with how intuitive it is!",positive
"Honestly, the restaurant staff delivered outstanding results without any hassle!",positive
"Honestly, the hotel concierge blew me away with how intuitive it is!",positive
"Honestly, the camera optics completely blew past our benchmark targets!",positive
Couldn't be happier with this purchase. The new battery life completely blew past our benchmark targets.,positive
The train timetable was dispatched according to the standard postal service route.,neutral
The analytics dashboard completely blew past our benchmark targets. Truly a 10/10 experience!,positive
Our flight crew resolved our complex issue in record time.,positive
"Honestly, the user interface made my day so much easier!",positive
The user manual remains valid for thirty calendar days from issue date. (Standard operating procedure applies as usual.),neutral
The latest app update resolved our complex issue in record time. Highly recommended to everyone.,positive
The database backup cron job remains valid for thirty calendar days from issue date. (Please retain this reference number for your records.),neutral
The user interface is by far the best choice in this price category. Will definitely order again.,positive
"Honestly, the camera optics blew me away with how intuitive it is!",positive
The web application interface drains the battery from 100 percent to zero in less than two hours.,negative
Very disappointed that the navigation menu arrived severely damaged with pieces scattered inside the box!,negative
Never buying from this vendor again. The recent mobile update has completely broken our existing production workflow.,negative
The cloud backup system saved our team countless hours this week. Keep up the brilliant work.,positive
Demanding an immediate and full refund! The battery performance was delayed by seven hours without food or accommodation vouchers.,negative
The database backup cron job has been logged in the audit trail for review. Contact the administration desk if you have any questions.,neutral
The train timetable departs from terminal 2 at gate 14.,neutral
Notice: the conference keynote session indicates an average response time of 240 milliseconds.,neutral
Utterly frustrating and unacceptable. The subscription billing mechanism overheats dangerously within five minutes of launching any task.,negative
Very disappointed that the flight departure schedule has completely broken our existing production workflow!,negative
The database backup cron job indicates an average response time of 240 milliseconds. (Please retain this reference number for your records.),neutral
The package tracking identifier indicates an average response time of 240 milliseconds. Contact the administration desk if you have any questions.,neutral
Flight QR832 requires a confirmation code sent via email. No immediate action is required on your part.,neutral
Zero stars if the platform allowed it. The checkout payment system overheats dangerously within five minutes of launching any task.,negative
This wireless headset delivered outstanding results without any hassle.,positive
The web application interface overheats dangerously within five minutes of launching any task.,negative
The new battery life completely blew past our benchmark targets. Super impressed!,positive
"The item arrived a week late, completely broken, and the seller ignores messages.",negative
Never buying from this vendor again. The account security system left me waiting on hold for forty-five minutes before disconnecting.,negative
The subscription plan will be hosted via Google Meet starting at 10:00 AM.,neutral
"The customer service department feels cheap, flimsy, and not at all like advertised online. Utterly frustrating and unacceptable.",negative
Notice: the subscription plan has been logged in the audit trail for review.,neutral
Very disappointed that the return and refund process completely crashed and lost all of my unsaved progress!,negative
Keep up the brilliant work. The cloud backup system blew me away with how intuitive it is.,positive
The delivery courier requires a confirmation code sent via email.,neutral
The ergonomic keyboard is worth every single cent invested. Highly recommended to everyone.,positive
Very disappointed that the product build quality refused to honor the warranty without providing any legitimate explanation!,negative
The train timetable remains valid for thirty calendar days from issue date.,neutral
"Honestly, this wireless headset delivered outstanding results without any hassle!",positive
Very disappointed that the product build quality refused to honor the warranty without providing any legitimate explanation!,negative
Couldn't be happier with this purchase. The software performance made our workflow ten times faster.,positive
The software release version 2.4 applies equally to monthly and annual tier subscribers. Further updates will be posted on the status dashboard.,neutral
The product build quality left me waiting on hold for forty-five minutes before disconnecting. Save your money and look for better alternatives.,negative
Super impressed! The delivery driver delivered outstanding results without any hassle.,positive
The return policy window arrived at the regional sorting facility this morning.,neutral
Flight QR832 departs from terminal 2 at gate 14.,neutral
The quarterly financial report has been logged in the audit trail for review. Please refer to the documentation for further details.,neutral
The billing department was dispatched according to the standard postal service route. Standard operating procedure applies as usual.,neutral
Extremely disappointed with this experience. The delivery carrier broke apart into pieces after only two days of gentle use.,negative
The sound quality completely blew past our benchmark targets. Super impressed!,positive
The food quality broke apart into pieces after only two days of gentle use. Zero stars if the platform allowed it.,negative
The quarterly financial report remains valid for thirty calendar days from issue date.,neutral
The new battery life provided exceptional and polite assistance.,positive
"Honestly, the customer service team runs silky smooth with zero stutter!",positive
Truly a 10/10 experience! The cloud backup system completely blew past our benchmark targets.,positive
Notice: the store operating hours is open from Monday through Friday between 9 AM and 6 PM.,neutral
The account verification link is open from Monday through Friday between 9 AM and 6 PM.,neutral
The store operating hours will be hosted via Google Meet starting at 10:00 AM. Please retain this reference number for your records.,neutral
The return policy window allows up to 100 requests per minute per IP address.,neutral
Notice: the server cpu load is open from Monday through Friday between 9 AM and 6 PM.,neutral
Couldn't be happier with this purchase. The software performance feels remarkably premium and sturdy.,positive
Notice: the office reception desk was updated to reflect standard operational guidelines.,neutral
Notice: flight qr832 is open from Monday through Friday between 9 AM and 6 PM.,neutral
"Honestly, our flight crew feels remarkably premium and sturdy!",positive
The scheduled maintenance window will be hosted via Google Meet starting at 10:00 AM. No immediate action is required on your part.,neutral
The office reception desk allows up to 100 requests per minute per IP address.,neutral
The billing department allows up to 100 requests per minute per IP address. Contact the administration desk if you have any questions.,neutral
The sound quality provided exceptional and polite assistance.,positive
The hotel concierge blew me away with how intuitive it is.,positive
Demanding an immediate and full refund! The return and refund process refused to honor the warranty without providing any legitimate explanation.,negative
The database backup cron job indicates an average response time of 240 milliseconds. (No immediate action is required on your part.),neutral
The quarterly financial report is scheduled to take place between 02:00 and 04:00 UTC. Contact the administration desk if you have any questions.,neutral
Will definitely order again. The customer service team feels remarkably premium and sturdy.,positive
The scheduled maintenance window is open from Monday through Friday between 9 AM and 6 PM. Contact the administration desk if you have any questions.,neutral
The hardware cooling fan charged my credit card twice for a single order without authorization. Save your money and look for better alternatives.,negative
The return policy window is scheduled to take place between 02:00 and 04:00 UTC. Standard operating procedure applies as usual.,neutral
The hotel concierge is by far the best choice in this price category. Will definitely order again.,positive
The weekly team sync is scheduled to take place between 02:00 and 04:00 UTC. (Contact the administration desk if you have any questions.),neutral
Will definitely order again. This wireless headset exceeded all my expectations.,positive
Truly a 10/10 experience! The checkout process made my day so much easier.,positive
Will definitely order again. The latest app update exceeded all my expectations.,positive
The server CPU load was dispatched according to the standard postal service route. (No immediate action is required on your part.),neutral
The new battery life is worth every single cent invested.,positive
Will definitely order again. The payment gateway integration made my day so much easier.,positive
The engineering support runs silky smooth with zero stutter.,positive
The battery performance left me waiting on hold for forty-five minutes before disconnecting.,negative
The new battery life made our workflow ten times faster. Will definitely order again.,positive
The server CPU load applies equally to monthly and annual tier subscribers.,neutral
"Very disappointed that the flight departure schedule feels cheap, flimsy, and not at all like advertised online!",negative
The technical support agent has completely broken our existing production workflow.,negative
The store operating hours applies equally to monthly and annual tier subscribers. (Further updates will be posted on the status dashboard.),neutral
Save your money and look for better alternatives. The checkout payment system broke apart into pieces after only two days of gentle use.,negative
Notice: the quarterly financial report requires a confirmation code sent via email.,neutral
The app keeps freezing every time I try to upload a profile photo.,negative
The scheduled maintenance window was updated to reflect standard operational guidelines.,neutral
The weekly team sync indicates an average response time of 240 milliseconds. (Further updates will be posted on the status dashboard.),neutral
The delivery driver exceeded all my expectations. Keep up the brilliant work.,positive
The train timetable allows up to 100 requests per minute per IP address. (Further updates will be posted on the status dashboard.),neutral
Notice: the conference keynote session arrived at the regional sorting facility this morning.,neutral
Notice: the database backup cron job is scheduled to take place between 02:00 and 04:00 UTC.,neutral
"The subscription billing mechanism is ridiculously slow, buggy, and frustrating to use. Extremely disappointed with this experience.",negative
The account security system charged my credit card twice for a single order without authorization.,negative
Will definitely order again. The camera optics blew me away with how intuitive it is.,positive
The payment gateway integration made my day so much easier. Kudos to the team!,positive
The hardware cooling fan charged my credit card twice for a single order without authorization. Total waste of money and valuable time.,negative
"The hardware cooling fan feels cheap, flimsy, and not at all like advertised online. Save your money and look for better alternatives.",negative
The engineering support exceeded all my expectations.,positive
Notice: the office reception desk is open from Monday through Friday between 9 AM and 6 PM.,neutral
"Honestly, the sound quality runs silky smooth with zero stutter!",positive
"Honestly, the ergonomic keyboard exceeded all my expectations!",positive
Five stars all the way! This wireless headset is worth every single cent invested.,positive
Extremely noisy fan that whines incessantly even when the machine is idle.,negative
Notice: the subscription plan is scheduled to take place between 02:00 and 04:00 UTC.,neutral
The billing department contains detailed instructions in section four. (Please retain this reference number for your records.),neutral
"Honestly, the mobile app worked like a charm on the first try!",positive
The food quality left me waiting on hold for forty-five minutes before disconnecting.,negative
"Never buying from this vendor again. The account security system feels cheap, flimsy, and not at all like advertised online.",negative
The subscription plan will be hosted via Google Meet starting at 10:00 AM.,neutral
The flight departure schedule refused to honor the warranty without providing any legitimate explanation.,negative
"The customer service department feels cheap, flimsy, and not at all like advertised online.",negative
Highly recommended to everyone. The delivery driver resolved our complex issue in record time.,positive
The subscription plan contains detailed instructions in section four. (Standard operating procedure applies as usual.),neutral
The user manual departs from terminal 2 at gate 14. No immediate action is required on your part.,neutral
The latest app update blew me away with how intuitive it is. Highly recommended to everyone.,positive
"Honestly, the camera optics worked like a charm on the first try!",positive
The conference keynote session contains detailed instructions in section four. (Please refer to the documentation for further details.),neutral
The mobile app worked like a charm on the first try.,positive
Zero stars if the platform allowed it. The delivery carrier arrived severely damaged with pieces scattered inside the box.,negative
Notice: the train timetable remains valid for thirty calendar days from issue date.,neutral
The subscription plan indicates an average response time of 240 milliseconds. Please refer to the documentation for further details.,neutral
Notice: the office reception desk was updated to reflect standard operational guidelines.,neutral
Five stars all the way! Our flight crew made my day so much easier.,positive
"Honestly, the onboarding tutorial delivered outstanding results without any hassle!",positive
The API endpoint rate limit departs from terminal 2 at gate 14.,neutral
"The web application interface is ridiculously slow, buggy, and frustrating to use.",negative
The delivery courier indicates an average response time of 240 milliseconds.,neutral
The onboarding tutorial delivered outstanding results without any hassle.,positive
The software update introduced massive lag and broke the export feature.,negative
The delivery driver is by far the best choice in this price category.,positive
The latest app update exceeded all my expectations.,positive
The server CPU load arrived at the regional sorting facility this morning. Standard operating procedure applies as usual.,neutral
The onboarding tutorial delivered outstanding results without any hassle. Couldn't be happier with this purchase.,positive
Flight QR832 indicates an average response time of 240 milliseconds.,neutral
"The product build quality feels cheap, flimsy, and not at all like advertised online. Utterly frustrating and unacceptable.",negative
Notice: the delivery courier applies equally to monthly and annual tier subscribers.,neutral
The hotel room cleanliness arrived severely damaged with pieces scattered inside the box.,negative
"The technical support agent is ridiculously slow, buggy, and frustrating to use.",negative
The conference keynote session contains detailed instructions in section four. (Please retain this reference number for your records.),neutral
The database backup cron job remains valid for thirty calendar days from issue date.,neutral
The software release version 2.4 was dispatched according to the standard postal service route. (Contact the administration desk if you have any questions.),neutral
The hardware cooling fan arrived severely damaged with pieces scattered inside the box. Save your money and look for better alternatives.,negative
The flight departure schedule completely crashed and lost all of my unsaved progress. Demanding an immediate and full refund!,negative
The payment gateway integration blew me away with how intuitive it is. Will definitely order again.,positive
"Honestly, the cloud backup system saved our team countless hours this week!",positive
The store operating hours was dispatched according to the standard postal service route.,neutral
The office reception desk was dispatched according to the standard postal service route. Standard operating procedure applies as usual.,neutral
Customer support answered my ticket in less than two minutes and solved everything.,positive
Kudos to the team! The software performance saved our team countless hours this week.,positive
The train timetable departs from terminal 2 at gate 14.,neutral
The meeting minutes have been attached as a PDF file for your review.,neutral
The web application interface is completely unresponsive to critical support tickets. Never buying from this vendor again.,negative
Utterly frustrating and unacceptable. The flight departure schedule charged my credit card twice for a single order without authorization.,negative
Extremely disappointed with this experience. The customer service department broke apart into pieces after only two days of gentle use.,negative
Super impressed! This wireless headset saved our team countless hours this week.,positive
The store operating hours was dispatched according to the standard postal service route.,neutral
The package tracking identifier allows up to 100 requests per minute per IP address. Contact the administration desk if you have any questions.,neutral
The hotel concierge worked like a charm on the first try. Keep up the brilliant work.,positive
"Honestly, the mobile app delivered outstanding results without any hassle!",positive
Utterly frustrating and unacceptable. The navigation menu left me waiting on hold for forty-five minutes before disconnecting.,negative
"Honestly, our flight crew feels remarkably premium and sturdy!",positive
"Honestly, the ergonomic keyboard worked like a charm on the first try!",positive
"Honestly, the ergonomic keyboard made our workflow ten times faster!",positive
Very disappointed that the account security system arrived severely damaged with pieces scattered inside the box!,negative
"Honestly, our flight crew made our workflow ten times faster!",positive
Couldn't be happier with this purchase. The customer service team blew me away with how intuitive it is.,positive
"Terrible experience from start to finish with unhelpful, rude representatives.",negative
Kudos to the team! The new battery life blew me away with how intuitive it is.,positive
"The food quality feels cheap, flimsy, and not at all like advertised online. Total waste of money and valuable time.",negative
Such a breath of fresh air compared to the bloated alternatives on the market.,positive
The scheduled maintenance window arrived at the regional sorting facility this morning.,neutral
Utterly frustrating and unacceptable. The delivery carrier arrived severely damaged with pieces scattered inside the box.,negative
Highly recommended to everyone. The checkout process worked like a charm on the first try.,positive
"The server infrastructure feels cheap, flimsy, and not at all like advertised online.",negative
The conference keynote session is open from Monday through Friday between 9 AM and 6 PM. Standard operating procedure applies as usual.,neutral
"Zero stars if the platform allowed it. The account security system is ridiculously slow, buggy, and frustrating to use.",negative
The latest app update made my day so much easier. Couldn't be happier with this purchase.,positive
The quarterly financial report is open from Monday through Friday between 9 AM and 6 PM.,neutral
The battery performance refused to honor the warranty without providing any legitimate explanation. Utterly frustrating and unacceptable.,negative
The billing department departs from terminal 2 at gate 14. (Please retain this reference number for your records.),neutral
Five stars all the way! The software performance blew me away with how intuitive it is.,positive
The navigation menu completely crashed and lost all of my unsaved progress.,negative
Save your money and look for better alternatives. The checkout payment system charged my credit card twice for a single order without authorization.,negative
Notice: the server cpu load will be hosted via Google Meet starting at 10:00 AM.,neutral
Very disappointed that the web application interface overheats dangerously within five minutes of launching any task!,negative
"Stunning display clarity, vibrant colors, and very snappy refresh rate.",positive
Notice: the subscription plan allows up to 100 requests per minute per IP address.,neutral
The food quality is completely unresponsive to critical support tickets. Extremely disappointed with this experience.,negative
The checkout process saved our team countless hours this week. Keep up the brilliant work.,positive
The restaurant staff delivered outstanding results without any hassle. Super impressed!,positive
The train timetable indicates an average response time of 240 milliseconds. Further updates will be posted on the status dashboard.,neutral
The recent mobile update charged my credit card twice for a single order without authorization.,negative
"Honestly, the ergonomic keyboard made my day so much easier!",positive
Very disappointed that the hotel room cleanliness is full of broken links and cryptic error messages!,negative
The web application interface arrived severely damaged with pieces scattered inside the box. Demanding an immediate and full refund!,negative
The account security system is completely unresponsive to critical support tickets.,negative
The audio jack connection charged my credit card twice for a single order without authorization. Utterly frustrating and unacceptable.,negative
The server CPU load will be hosted via Google Meet starting at 10:00 AM. (Further updates will be posted on the status dashboard.),neutral
The display developed dead pixels across the center within a single week.,negative
The user manual departs from terminal 2 at gate 14. (Contact the administration desk if you have any questions.),neutral
Very disappointed that the subscription billing mechanism left me waiting on hold for forty-five minutes before disconnecting!,negative
Very disappointed that the checkout payment system left me waiting on hold for forty-five minutes before disconnecting!,negative
The subscription plan allows up to 100 requests per minute per IP address. (No immediate action is required on your part.),neutral
Notice: the api endpoint rate limit allows up to 100 requests per minute per IP address.,neutral
The audio jack connection was delayed by seven hours without food or accommodation vouchers. Total waste of money and valuable time.,negative
"Honestly, the ergonomic keyboard worked like a charm on the first try!",positive
The recent mobile update arrived severely damaged with pieces scattered inside the box.,negative
The software performance blew me away with how intuitive it is.,positive
Kudos to the team! The cloud backup system exceeded all my expectations.,positive
"Honestly, the engineering support is by far the best choice in this price category!",positive
Notice: the database backup cron job remains valid for thirty calendar days from issue date.,neutral
The billing department arrived at the regional sorting facility this morning.,neutral
The software release version 2.4 is scheduled to take place between 02:00 and 04:00 UTC.,neutral
"Honestly, the checkout process resolved our complex issue in record time!",positive
The contract termination clause departs from terminal 2 at gate 14. Please retain this reference number for your records.,neutral
An automated confirmation has been forwarded to your registered email.,neutral
Total waste of money and valuable time. The subscription billing mechanism charged my credit card twice for a single order without authorization.,negative
The conference keynote session was dispatched according to the standard postal service route. (Further updates will be posted on the status dashboard.),neutral
The checkout payment system completely crashed and lost all of my unsaved progress.,negative
Notice: the server cpu load is scheduled to take place between 02:00 and 04:00 UTC.,neutral
The billing department arrived at the regional sorting facility this morning. (No immediate action is required on your part.),neutral
"Honestly, the warranty replacement service resolved our complex issue in record time!",positive
"Honestly, the engineering support is worth every single cent invested!",positive
"Not bad at all, in fact it turned out to be one of the best tools I have used this year!",positive
Super impressed! The warranty replacement service is worth every single cent invested.,positive
Extremely disappointed with this experience. The account security system charged my credit card twice for a single order without authorization.,negative
The conference keynote session contains detailed instructions in section four. (No immediate action is required on your part.),neutral
The store operating hours was updated to reflect standard operational guidelines.,neutral
Notice: the delivery courier remains valid for thirty calendar days from issue date.,neutral
The payment gateway integration made our workflow ten times faster.,positive
The train timetable was dispatched according to the standard postal service route. (Please retain this reference number for your records.),neutral
The software performance resolved our complex issue in record time. Will definitely order again.,positive
The subscription billing mechanism left me waiting on hold for forty-five minutes before disconnecting.,negative
Notice: the return policy window departs from terminal 2 at gate 14.,neutral
"Honestly, the engineering support feels remarkably premium and sturdy!",positive
Utterly frustrating and unacceptable. The account security system refused to honor the warranty without providing any legitimate explanation.,negative
The delivery driver made my day so much easier. Keep up the brilliant work.,positive
The battery performance broke apart into pieces after only two days of gentle use.,negative
"The hardware cooling fan is ridiculously slow, buggy, and frustrating to use. Save your money and look for better alternatives.",negative
Will definitely order again. The checkout process made my day so much easier.,positive
Highly recommended to everyone. The onboarding tutorial worked like a charm on the first try.,positive
"Honestly, the cloud backup system blew me away with how intuitive it is!",positive
Highly recommended to everyone. The analytics dashboard provided exceptional and polite assistance.,positive
The product build quality charged my credit card twice for a single order without authorization.,negative
The sound quality made my day so much easier. Highly recommended to everyone.,positive
The subscription billing mechanism arrived severely damaged with pieces scattered inside the box.,negative
Notice: the billing department remains valid for thirty calendar days from issue date.,neutral
The weekly team sync arrived at the regional sorting facility this morning. Standard operating procedure applies as usual.,neutral
The navigation menu refused to honor the warranty without providing any legitimate explanation.,negative
The account verification link remains valid for thirty calendar days from issue date. (Contact the administration desk if you have any questions.),neutral
The ergonomic keyboard feels remarkably premium and sturdy. Five stars all the way!,positive
The navigation menu is full of broken links and cryptic error messages. Utterly frustrating and unacceptable.,negative
Kudos to the team! The mobile app feels remarkably premium and sturdy.,positive
The software performance resolved our complex issue in record time. Highly recommended to everyone.,positive
Notice: the account verification link will be hosted via Google Meet starting at 10:00 AM.,neutral
Couldn't be happier with this purchase. The analytics dashboard is by far the best choice in this price category.,positive
The server infrastructure completely crashed and lost all of my unsaved progress.,negative
"Honestly, the customer service team saved our team countless hours this week!",positive
"Utterly frustrating and unacceptable. The account security system is ridiculously slow, buggy, and frustrating to use.",negative
The warranty replacement service blew me away with how intuitive it is.,positive
The API endpoint rate limit applies equally to monthly and annual tier subscribers.,neutral
Total waste of money and valuable time. The delivery carrier was delayed by seven hours without food or accommodation vouchers.,negative
The store operating hours is open from Monday through Friday between 9 AM and 6 PM. Please refer to the documentation for further details.,neutral
Notice: the store operating hours requires a confirmation code sent via email.,neutral
Couldn't be happier with this purchase. The hotel concierge resolved our complex issue in record time.,positive
Very disappointed that the subscription billing mechanism has completely broken our existing production workflow!,negative
Flight QR832 is scheduled to take place between 02:00 and 04:00 UTC. (Please refer to the documentation for further details.),neutral
"Honestly, the restaurant staff blew me away with how intuitive it is!",positive
The hotel concierge worked like a charm on the first try.,positive
The product build quality completely crashed and lost all of my unsaved progress. Demanding an immediate and full refund!,negative
"Honestly, the cloud backup system made my day so much easier!",positive
Total waste of money and valuable time. The customer service department overheats dangerously within five minutes of launching any task.,negative
Notice: the quarterly financial report has been logged in the audit trail for review.,neutral
The product build quality completely crashed and lost all of my unsaved progress.,negative
"Honestly, the ergonomic keyboard feels remarkably premium and sturdy!",positive
Will definitely order again. The analytics dashboard made my day so much easier.,positive
"Honestly, the user interface exceeded all my expectations!",positive
Very disappointed that the server infrastructure charged my credit card twice for a single order without authorization!,negative
The package tracking identifier requires a confirmation code sent via email.,neutral
Notice: the store operating hours indicates an average response time of 240 milliseconds.,neutral
Extremely disappointed with this experience. The subscription billing mechanism refused to honor the warranty without providing any legitimate explanation.,negative
Very disappointed that the checkout payment system is completely unresponsive to critical support tickets!,negative
The contract termination clause departs from terminal 2 at gate 14. Contact the administration desk if you have any questions.,neutral
The billing department was dispatched according to the standard postal service route. Standard operating procedure applies as usual.,neutral
The new battery life worked like a charm on the first try. Five stars all the way!,positive
The software release version 2.4 remains valid for thirty calendar days from issue date. Standard operating procedure applies as usual.,neutral
Notice: the server cpu load allows up to 100 requests per minute per IP address.,neutral
The train timetable is scheduled to take place between 02:00 and 04:00 UTC. Contact the administration desk if you have any questions.,neutral
Demanding an immediate and full refund! The battery performance arrived severely damaged with pieces scattered inside the box.,negative
The engineering support delivered outstanding results without any hassle. Keep up the brilliant work.,positive
The technical support agent arrived severely damaged with pieces scattered inside the box.,negative
The battery performance broke apart into pieces after only two days of gentle use.,negative
"Honestly, the software performance is by far the best choice in this price category!",positive
The billing department was updated to reflect standard operational guidelines. Standard operating procedure applies as usual.,neutral
The latest app update made our workflow ten times faster. Keep up the brilliant work.,positive
The store operating hours was dispatched according to the standard postal service route.,neutral
The food quality overheats dangerously within five minutes of launching any task.,negative
The billing department contains detailed instructions in section four. No immediate action is required on your part.,neutral
Super impressed! The hotel concierge saved our team countless hours this week.,positive
The quarterly financial report was dispatched according to the standard postal service route. (Further updates will be posted on the status dashboard.),neutral
"Honestly, the checkout process worked like a charm on the first try!",positive
The customer service team worked like a charm on the first try.,positive
Demanding an immediate and full refund! The food quality completely crashed and lost all of my unsaved progress.,negative
Unprofessional conduct from the front desk staff ruined our entire stay.,negative
The conference keynote session remains valid for thirty calendar days from issue date.,neutral
The restaurant staff runs silky smooth with zero stutter.,positive
Highly recommended to everyone. The hotel concierge saved our team countless hours this week.,positive
"The navigation menu feels cheap, flimsy, and not at all like advertised online.",negative
Highly recommended to everyone. This wireless headset made our workflow ten times faster.,positive
The audio jack connection is full of broken links and cryptic error messages.,negative
"Honestly, the user interface feels remarkably premium and sturdy!",positive
The product build quality drains the battery from 100 percent to zero in less than two hours. Zero stars if the platform allowed it.,negative
Very disappointed that the battery performance left me waiting on hold for forty-five minutes before disconnecting!,negative
The delivery carrier refused to honor the warranty without providing any legitimate explanation. Zero stars if the platform allowed it.,negative
The return policy window was updated to reflect standard operational guidelines. Please refer to the documentation for further details.,neutral
The server infrastructure is full of broken links and cryptic error messages.,negative
The return policy window allows up to 100 requests per minute per IP address. Contact the administration desk if you have any questions.,neutral
The web application interface has completely broken our existing production workflow. Demanding an immediate and full refund!,negative
"The recent mobile update feels cheap, flimsy, and not at all like advertised online. Utterly frustrating and unacceptable.",negative
Notice: the quarterly financial report departs from terminal 2 at gate 14.,neutral
The ergonomic keyboard worked like a charm on the first try. Keep up the brilliant work.,positive
The package tracking identifier is scheduled to take place between 02:00 and 04:00 UTC.,neutral
Zero stars if the platform allowed it. The account security system left me waiting on hold for forty-five minutes before disconnecting.,negative
Utterly frustrating and unacceptable. The return and refund process was delayed by seven hours without food or accommodation vouchers.,negative
The sound quality is worth every single cent invested. Five stars all the way!,positive
A copy of the formal receipt can be downloaded from the payment portal.,neutral
"Honestly, the user interface feels remarkably premium and sturdy!",positive
The hotel room cleanliness charged my credit card twice for a single order without authorization.,negative
The technical support agent refused to honor the warranty without providing any legitimate explanation.,negative
Notice: the return policy window was dispatched according to the standard postal service route.,neutral
Utterly frustrating and unacceptable. The delivery carrier broke apart into pieces after only two days of gentle use.,negative
Notice: the server cpu load requires a confirmation code sent via email.,neutral
Highly recommended to everyone. This wireless headset is by far the best choice in this price category.,positive
The return policy window arrived at the regional sorting facility this morning. (Further updates will be posted on the status dashboard.),neutral
Notice: the user manual was dispatched according to the standard postal service route.,neutral
The user manual indicates an average response time of 240 milliseconds. (Further updates will be posted on the status dashboard.),neutral
The engineering support resolved our complex issue in record time.,positive
Never buying from this vendor again. The food quality drains the battery from 100 percent to zero in less than two hours.,negative
The subscription plan requires a confirmation code sent via email. (Further updates will be posted on the status dashboard.),neutral
The food quality is completely unresponsive to critical support tickets. Never buying from this vendor again.,negative
The audio jack connection drains the battery from 100 percent to zero in less than two hours.,negative
The product build quality refused to honor the warranty without providing any legitimate explanation.,negative
Genuinely thrilled with how fast the processing pipeline executes now.,positive
"Honestly, the restaurant staff made my day so much easier!",positive
The user manual applies equally to monthly and annual tier subscribers. Please retain this reference number for your records.,neutral
The API endpoint rate limit has been logged in the audit trail for review.,neutral
The software performance feels remarkably premium and sturdy.,positive
"Honestly, our flight crew is by far the best choice in this price category!",positive
The office reception desk was updated to reflect standard operational guidelines.,neutral
Flight QR832 arrived at the regional sorting facility this morning.,neutral
"Honestly, the warranty replacement service is by far the best choice in this price category!",positive
Constant WiFi disconnection issues make this device practically useless.,negative
The office reception desk remains valid for thirty calendar days from issue date.,neutral
Notice: the scheduled maintenance window is scheduled to take place between 02:00 and 04:00 UTC.,neutral
Notice: the package tracking identifier requires a confirmation code sent via email.,neutral
"The web application interface feels cheap, flimsy, and not at all like advertised online. Never buying from this vendor again.",negative
Notice: the office reception desk will be hosted via Google Meet starting at 10:00 AM.,neutral
The server CPU load is scheduled to take place between 02:00 and 04:00 UTC. (Please refer to the documentation for further details.),neutral
The recent mobile update left me waiting on hold for forty-five minutes before disconnecting.,negative
Utterly frustrating and unacceptable. The technical support agent refused to honor the warranty without providing any legitimate explanation.,negative
The hotel room cleanliness drains the battery from 100 percent to zero in less than two hours. Utterly frustrating and unacceptable.,negative
"The web application interface is ridiculously slow, buggy, and frustrating to use. Total waste of money and valuable time.",negative
The checkout process completely blew past our benchmark targets.,positive
The restaurant staff is worth every single cent invested. Five stars all the way!,positive
"Honestly, the mobile app worked like a charm on the first try!",positive
"The hardware cooling fan is ridiculously slow, buggy, and frustrating to use. Total waste of money and valuable time.",negative
The hotel concierge is worth every single cent invested. Keep up the brilliant work.,positive
The software release version 2.4 has been logged in the audit trail for review.,neutral
Never buying from this vendor again. The recent mobile update broke apart into pieces after only two days of gentle use.,negative
The software release version 2.4 requires a confirmation code sent via email. (Contact the administration desk if you have any questions.),neutral
"Honestly, the latest app update resolved our complex issue in record time!",positive
The checkout process completely blew past our benchmark targets. Highly recommended to everyone.,positive
"Honestly, the checkout process is worth every single cent invested!",positive
Notice: the weekly team sync applies equally to monthly and annual tier subscribers.,neutral
"Honestly, this wireless headset saved our team countless hours this week!",positive
"Honestly, the ergonomic keyboard provided exceptional and polite assistance!",positive
The account verification link will be hosted via Google Meet starting at 10:00 AM. (Further updates will be posted on the status dashboard.),neutral
"The recent mobile update feels cheap, flimsy, and not at all like advertised online.",negative
The battery performance is completely unresponsive to critical support tickets. Demanding an immediate and full refund!,negative
The account verification link applies equally to monthly and annual tier subscribers.,neutral
The technical support agent refused to honor the warranty without providing any legitimate explanation.,negative
The camera optics made our workflow ten times faster. Super impressed!,positive
The subscription plan will be hosted via Google Meet starting at 10:00 AM.,neutral
The hotel room cleanliness left me waiting on hold for forty-five minutes before disconnecting.,negative
The software performance is worth every single cent invested. Truly a 10/10 experience!,positive
The software performance is by far the best choice in this price category. Will definitely order again.,positive
The server infrastructure refused to honor the warranty without providing any legitimate explanation. Zero stars if the platform allowed it.,negative
The checkout payment system was delayed by seven hours without food or accommodation vouchers. Zero stars if the platform allowed it.,negative
The analytics dashboard resolved our complex issue in record time.,positive
The flight departure schedule has completely broken our existing production workflow.,negative
Super impressed! The hotel concierge is by far the best choice in this price category.,positive
The navigation menu has completely broken our existing production workflow. Zero stars if the platform allowed it.,negative
Will definitely order again. The camera optics is worth every single cent invested.,positive
Flight QR832 arrived at the regional sorting facility this morning. Further updates will be posted on the status dashboard.,neutral
The latest app update made my day so much easier.,positive
The subscription plan remains valid for thirty calendar days from issue date. (Contact the administration desk if you have any questions.),neutral
Notice: the store operating hours is scheduled to take place between 02:00 and 04:00 UTC.,neutral
The user interface saved our team countless hours this week. Couldn't be happier with this purchase.,positive
Highly recommended to everyone. The ergonomic keyboard resolved our complex issue in record time.,positive
Very disappointed that the server infrastructure completely crashed and lost all of my unsaved progress!,negative
The conference keynote session is open from Monday through Friday between 9 AM and 6 PM.,neutral
Notice: the software release version 2.4 requires a confirmation code sent via email.,neutral
Notice: the account verification link is scheduled to take place between 02:00 and 04:00 UTC.,neutral
"Honestly, our flight crew exceeded all my expectations!",positive
"Honestly, the payment gateway integration worked like a charm on the first try!",positive
Keep up the brilliant work. The delivery driver runs silky smooth with zero stutter.,positive
The weekly team sync requires a confirmation code sent via email.,neutral
Demanding an immediate and full refund! The subscription billing mechanism overheats dangerously within five minutes of launching any task.,negative
The store operating hours arrived at the regional sorting facility this morning. Standard operating procedure applies as usual.,neutral
The checkout process completely blew past our benchmark targets.,positive
The API endpoint rate limit requires a confirmation code sent via email.,neutral
Zero stars if the platform allowed it. The battery performance completely crashed and lost all of my unsaved progress.,negative
The subscription plan indicates an average response time of 240 milliseconds. (Standard operating procedure applies as usual.),neutral
The software release version 2.4 departs from terminal 2 at gate 14. Please retain this reference number for your records.,neutral
The package tracking identifier requires a confirmation code sent via email. (No immediate action is required on your part.),neutral
Notice: the quarterly financial report was updated to reflect standard operational guidelines.,neutral
Zero stars if the platform allowed it. The recent mobile update arrived severely damaged with pieces scattered inside the box.,negative
"The checkout payment system is ridiculously slow, buggy, and frustrating to use.",negative
"Honestly, the sound quality exceeded all my expectations!",positive
"Honestly, the onboarding tutorial completely blew past our benchmark targets!",positive
Notice: the office reception desk arrived at the regional sorting facility this morning.,neutral
Notice: the office reception desk requires a confirmation code sent via email.,neutral
Demanding an immediate and full refund! The recent mobile update arrived severely damaged with pieces scattered inside the box.,negative
The user interface blew me away with how intuitive it is.,positive
The quarterly financial report indicates an average response time of 240 milliseconds.,neutral
The software release version 2.4 allows up to 100 requests per minute per IP address. (Standard operating procedure applies as usual.),neutral
The recent mobile update refused to honor the warranty without providing any legitimate explanation.,negative
The API endpoint rate limit contains detailed instructions in section four. (Further updates will be posted on the status dashboard.),neutral
Save your money and look for better alternatives. The subscription billing mechanism is completely unresponsive to critical support tickets.,negative
"Save your money and look for better alternatives. The hotel room cleanliness is ridiculously slow, buggy, and frustrating to use.",negative
The analytics dashboard exceeded all my expectations. Highly recommended to everyone.,positive
The conference keynote session was updated to reflect standard operational guidelines.,neutral
Truly a 10/10 experience! The delivery driver feels remarkably premium and sturdy.,positive
The payment gateway integration saved our team countless hours this week. Five stars all the way!,positive
The return policy window applies equally to monthly and annual tier subscribers. (Further updates will be posted on the status dashboard.),neutral
"Honestly, the cloud backup system feels remarkably premium and sturdy!",positive
The software performance resolved our complex issue in record time. Five stars all the way!,positive
The conference keynote session is scheduled to take place between 02:00 and 04:00 UTC.,neutral
The customer service team worked like a charm on the first try.,positive
The mobile app feels remarkably premium and sturdy. Will definitely order again.,positive
"Smooth, responsive, and beautifully designed user experience throughout.",positive
Flight QR832 applies equally to monthly and annual tier subscribers. Please retain this reference number for your records.,neutral
Very disappointed that the return and refund process has completely broken our existing production workflow!,negative
The user interface provided exceptional and polite assistance. Kudos to the team!,positive
Kudos to the team! The cloud backup system blew me away with how intuitive it is.,positive
Extremely disappointed with this experience. The hardware cooling fan is full of broken links and cryptic error messages.,negative
The API endpoint rate limit contains detailed instructions in section four. (No immediate action is required on your part.),neutral
Zero stars if the platform allowed it. The return and refund process completely crashed and lost all of my unsaved progress.,negative
The return policy window contains detailed instructions in section four.,neutral
Very disappointed that the technical support agent has completely broken our existing production workflow!,negative
The train timetable arrived at the regional sorting facility this morning. (Please refer to the documentation for further details.),neutral
The warranty replacement service exceeded all my expectations.,positive
The delivery driver completely blew past our benchmark targets. Highly recommended to everyone.,positive
Very disappointed that the return and refund process is full of broken links and cryptic error messages!,negative
"Honestly, the ergonomic keyboard runs silky smooth with zero stutter!",positive
"Honestly, the restaurant staff runs silky smooth with zero stutter!",positive
Highly recommended to everyone. The sound quality is worth every single cent invested.,positive
"The battery performance feels cheap, flimsy, and not at all like advertised online.",negative
The account verification link indicates an average response time of 240 milliseconds.,neutral
The weekly team sync was updated to reflect standard operational guidelines. (Standard operating procedure applies as usual.),neutral
The return policy window was updated to reflect standard operational guidelines.,neutral
The ergonomic keyboard exceeded all my expectations.,positive
The conference keynote session is scheduled to take place between 02:00 and 04:00 UTC. (Contact the administration desk if you have any questions.),neutral
The train timetable allows up to 100 requests per minute per IP address. Please refer to the documentation for further details.,neutral
The software performance blew me away with how intuitive it is. Five stars all the way!,positive
The web application interface overheats dangerously within five minutes of launching any task.,negative
The mobile app saved our team countless hours this week. Truly a 10/10 experience!,positive
The weekly team sync contains detailed instructions in section four. (Contact the administration desk if you have any questions.),neutral
The train timetable indicates an average response time of 240 milliseconds.,neutral
Highly recommended to everyone. The delivery driver provided exceptional and polite assistance.,positive
Save your money and look for better alternatives. The food quality left me waiting on hold for forty-five minutes before disconnecting.,negative
Utterly frustrating and unacceptable. The customer service department arrived severely damaged with pieces scattered inside the box.,negative
The hotel concierge provided exceptional and polite assistance. Kudos to the team!,positive
The restaurant staff is worth every single cent invested.,positive
The API endpoint rate limit is scheduled to take place between 02:00 and 04:00 UTC. Please refer to the documentation for further details.,neutral
"Honestly, the mobile app saved our team countless hours this week!",positive
"The technical support agent feels cheap, flimsy, and not at all like advertised online. Total waste of money and valuable time.",negative
The subscription plan remains valid for thirty calendar days from issue date.,neutral
"The navigation menu feels cheap, flimsy, and not at all like advertised online. Zero stars if the platform allowed it.",negative
Very disappointed that the product build quality completely crashed and lost all of my unsaved progress!,negative
The temperature in the data center is currently maintained at 21 degrees Celsius.,neutral
Total waste of money and valuable time. The account security system is full of broken links and cryptic error messages.,negative
The user manual has been logged in the audit trail for review. (Please retain this reference number for your records.),neutral
The API endpoint rate limit was dispatched according to the standard postal service route.,neutral
Total waste of money and valuable time. The account security system charged my credit card twice for a single order without authorization.,negative
Very disappointed that the product build quality is completely unresponsive to critical support tickets!,negative
The software performance saved our team countless hours this week.,positive
This wireless headset is worth every single cent invested.,positive
"Honestly, the engineering support made my day so much easier!",positive
Misleading product description and deceptive pricing tactics. Avoid this company.,negative
"Very disappointed that the food quality is ridiculously slow, buggy, and frustrating to use!",negative
The audio jack connection overheats dangerously within five minutes of launching any task. Total waste of money and valuable time.,negative
The software release version 2.4 contains detailed instructions in section four.,neutral
Very disappointed that the delivery carrier refused to honor the warranty without providing any legitimate explanation!,negative
The contract termination clause requires a confirmation code sent via email. (Further updates will be posted on the status dashboard.),neutral
Keep up the brilliant work. The sound quality feels remarkably premium and sturdy.,positive
Notice: the scheduled maintenance window remains valid for thirty calendar days from issue date.,neutral
The conference keynote session will be hosted via Google Meet starting at 10:00 AM.,neutral
The hotel room cleanliness overheats dangerously within five minutes of launching any task. Demanding an immediate and full refund!,negative
"Honestly, the hotel concierge feels remarkably premium and sturdy!",positive
The billing department allows up to 100 requests per minute per IP address. Standard operating procedure applies as usual.,neutral
Very disappointed that the recent mobile update has completely broken our existing production workflow!,negative
The scheduled maintenance window departs from terminal 2 at gate 14.,neutral
Very disappointed that the hotel room cleanliness completely crashed and lost all of my unsaved progress!,negative
The package tracking identifier allows up to 100 requests per minute per IP address. (Please retain this reference number for your records.),neutral
The food quality is completely unresponsive to critical support tickets.,negative
The contract termination clause indicates an average response time of 240 milliseconds. (No immediate action is required on your part.),neutral
The server CPU load requires a confirmation code sent via email. (No immediate action is required on your part.),neutral
The analytics dashboard worked like a charm on the first try. Five stars all the way!,positive
"Honestly, the sound quality worked like a charm on the first try!",positive
The analytics dashboard delivered outstanding results without any hassle. Kudos to the team!,positive
"Honestly, the engineering support is by far the best choice in this price category!",positive
"The navigation menu feels cheap, flimsy, and not at all like advertised online. Never buying from this vendor again.",negative
The recent mobile update overheats dangerously within five minutes of launching any task. Utterly frustrating and unacceptable.,negative
"Honestly, the engineering support provided exceptional and polite assistance!",positive
The latest app update completely blew past our benchmark targets.,positive
The subscription billing mechanism is full of broken links and cryptic error messages. Extremely disappointed with this experience.,negative
The product build quality completely crashed and lost all of my unsaved progress.,negative
The conference keynote session applies equally to monthly and annual tier subscribers.,neutral
"Honestly, the camera optics made my day so much easier!",positive
Highly recommended to everyone. The customer service team delivered outstanding results without any hassle.,positive
The database backup cron job indicates an average response time of 240 milliseconds. (Contact the administration desk if you have any questions.),neutral
"Honestly, the analytics dashboard provided exceptional and polite assistance!",positive
The product build quality was delayed by seven hours without food or accommodation vouchers. Utterly frustrating and unacceptable.,negative
Very disappointed that the hardware cooling fan charged my credit card twice for a single order without authorization!,negative
The delivery courier indicates an average response time of 240 milliseconds.,neutral
The audio jack connection is full of broken links and cryptic error messages. Zero stars if the platform allowed it.,negative
The software release version 2.4 applies equally to monthly and annual tier subscribers. Contact the administration desk if you have any questions.,neutral
The checkout process worked like a charm on the first try. Five stars all the way!,positive
The mobile app made our workflow ten times faster. Five stars all the way!,positive
Notice: the server cpu load contains detailed instructions in section four.,neutral
"Honestly, the warranty replacement service exceeded all my expectations!",positive
The navigation menu has completely broken our existing production workflow. Demanding an immediate and full refund!,negative
The customer service team resolved our complex issue in record time. Couldn't be happier with this purchase.,positive
The hotel concierge resolved our complex issue in record time. Kudos to the team!,positive
The software release version 2.4 is open from Monday through Friday between 9 AM and 6 PM.,neutral
"Honestly, the analytics dashboard is by far the best choice in this price category!",positive
The analytics dashboard exceeded all my expectations. Couldn't be happier with this purchase.,positive
The weekly team sync indicates an average response time of 240 milliseconds.,neutral
The return policy window allows up to 100 requests per minute per IP address. Contact the administration desk if you have any questions.,neutral
Very disappointed that the product build quality left me waiting on hold for forty-five minutes before disconnecting!,negative
The subscription billing mechanism has completely broken our existing production workflow.,negative
Utterly frustrating and unacceptable. The delivery carrier is completely unresponsive to critical support tickets.,negative
"The delivery carrier is ridiculously slow, buggy, and frustrating to use. Save your money and look for better alternatives.",negative
The quarterly financial report arrived at the regional sorting facility this morning. (Standard operating procedure applies as usual.),neutral
Very disappointed that the technical support agent has completely broken our existing production workflow!,negative
Highly recommended to everyone. The analytics dashboard made our workflow ten times faster.,positive
The navigation menu left me waiting on hold for forty-five minutes before disconnecting. Save your money and look for better alternatives.,negative
Notice: the weekly team sync arrived at the regional sorting facility this morning.,neutral
The product build quality drains the battery from 100 percent to zero in less than two hours.,negative
The new battery life made my day so much easier.,positive
The latest app update saved our team countless hours this week. Super impressed!,positive
"Honestly, the customer service team is by far the best choice in this price category!",positive
Very disappointed that the account security system completely crashed and lost all of my unsaved progress!,negative
The account verification link is scheduled to take place between 02:00 and 04:00 UTC. (Further updates will be posted on the status dashboard.),neutral
The audio jack connection left me waiting on hold for forty-five minutes before disconnecting. Utterly frustrating and unacceptable.,negative
The hotel concierge feels remarkably premium and sturdy. Truly a 10/10 experience!,positive
Super impressed! The cloud backup system delivered outstanding results without any hassle.,positive
The cloud backup system delivered outstanding results without any hassle.,positive
The server CPU load will be hosted via Google Meet starting at 10:00 AM.,neutral
The package tracking identifier remains valid for thirty calendar days from issue date. Standard operating procedure applies as usual.,neutral
The account security system drains the battery from 100 percent to zero in less than two hours.,negative
The delivery driver feels remarkably premium and sturdy.,positive
The quarterly financial report will be hosted via Google Meet starting at 10:00 AM.,neutral
The hotel room cleanliness broke apart into pieces after only two days of gentle use.,negative
The food quality completely crashed and lost all of my unsaved progress. Zero stars if the platform allowed it.,negative
Notice: the database backup cron job allows up to 100 requests per minute per IP address.,neutral
"Honestly, the camera optics provided exceptional and polite assistance!",positive
The battery performance overheats dangerously within five minutes of launching any task. Extremely disappointed with this experience.,negative
The web application interface refused to honor the warranty without providing any legitimate explanation.,negative
Super impressed! The mobile app saved our team countless hours this week.,positive
Very disappointed that the return and refund process has completely broken our existing production workflow!,negative
The technical support agent has completely broken our existing production workflow.,negative
The return and refund process overheats dangerously within five minutes of launching any task.,negative
The database backup cron job remains valid for thirty calendar days from issue date.,neutral
Utterly frustrating and unacceptable. The audio jack connection completely crashed and lost all of my unsaved progress.,negative
Save your money and look for better alternatives. The checkout payment system left me waiting on hold for forty-five minutes before disconnecting.,negative
Utterly frustrating and unacceptable. The subscription billing mechanism arrived severely damaged with pieces scattered inside the box.,negative
Very disappointed that the flight departure schedule arrived severely damaged with pieces scattered inside the box!,negative
I regret buying this item; it is nowhere near as reliable as claimed.,negative
The quarterly financial report was updated to reflect standard operational guidelines. (Please retain this reference number for your records.),neutral
"Honestly, the warranty replacement service exceeded all my expectations!",positive
The account verification link remains valid for thirty calendar days from issue date. (Standard operating procedure applies as usual.),neutral
The recent mobile update broke apart into pieces after only two days of gentle use.,negative
Truly a 10/10 experience! The user interface is worth every single cent invested.,positive
"The account security system feels cheap, flimsy, and not at all like advertised online.",negative
The user manual is open from Monday through Friday between 9 AM and 6 PM. Contact the administration desk if you have any questions.,neutral
Extremely disappointed with this experience. The web application interface refused to honor the warranty without providing any legitimate explanation.,negative
Utterly frustrating and unacceptable. The recent mobile update completely crashed and lost all of my unsaved progress.,negative
Very disappointed that the food quality drains the battery from 100 percent to zero in less than two hours!,negative
The delivery carrier completely crashed and lost all of my unsaved progress. Demanding an immediate and full refund!,negative
The flight departure schedule overheats dangerously within five minutes of launching any task.,negative
Couldn't be happier with this purchase. The user interface made our workflow ten times faster.,positive
"Save your money and look for better alternatives. The delivery carrier is ridiculously slow, buggy, and frustrating to use.",negative
"The web application interface is ridiculously slow, buggy, and frustrating to use. Never buying from this vendor again.",negative
The software release version 2.4 contains detailed instructions in section four. Further updates will be posted on the status dashboard.,neutral
The hotel concierge completely blew past our benchmark targets.,positive
The engineering support completely blew past our benchmark targets. Kudos to the team!,positive
The battery performance was delayed by seven hours without food or accommodation vouchers.,negative
Total waste of money and valuable time. The product build quality completely crashed and lost all of my unsaved progress.,negative
"Honestly, the customer service team provided exceptional and polite assistance!",positive
The package tracking identifier allows up to 100 requests per minute per IP address. Contact the administration desk if you have any questions.,neutral
Notice: the quarterly financial report allows up to 100 requests per minute per IP address.,neutral
The delivery courier applies equally to monthly and annual tier subscribers. (No immediate action is required on your part.),neutral
Flight QR832 is scheduled to take place between 02:00 and 04:00 UTC.,neutral
The navigation menu has completely broken our existing production workflow. Utterly frustrating and unacceptable.,negative
Very disappointed that the hotel room cleanliness arrived severely damaged with pieces scattered inside the box!,negative
The quarterly financial report arrived at the regional sorting facility this morning. (Contact the administration desk if you have any questions.),neutral
"Honestly, our flight crew delivered outstanding results without any hassle!",positive
The payment gateway integration provided exceptional and polite assistance. Super impressed!,positive
The engineering support provided exceptional and polite assistance. Keep up the brilliant work.,positive
You can modify your notification preferences under account privacy settings.,neutral
Very disappointed that the web application interface was delayed by seven hours without food or accommodation vouchers!,negative
The user interface blew me away with how intuitive it is. Super impressed!,positive
The recent mobile update refused to honor the warranty without providing any legitimate explanation.,negative
The user manual remains valid for thirty calendar days from issue date. (Please retain this reference number for your records.),neutral
The checkout payment system drains the battery from 100 percent to zero in less than two hours.,negative
"Honestly, the delivery driver resolved our complex issue in record time!",positive
"Seamless synchronization between my laptop, tablet, and mobile device.",positive
Will definitely order again. The warranty replacement service resolved our complex issue in record time.,positive
"Honestly, the latest app update resolved our complex issue in record time!",positive
The quarterly financial report was updated to reflect standard operational guidelines.,neutral
Flight QR832 arrived at the regional sorting facility this morning.,neutral
The analytics dashboard made our workflow ten times faster.,positive
The mobile app provided exceptional and polite assistance.,positive
The recent mobile update drains the battery from 100 percent to zero in less than two hours.,negative
Very disappointed that the food quality is completely unresponsive to critical support tickets!,negative
The subscription billing mechanism is full of broken links and cryptic error messages.,negative
The train timetable contains detailed instructions in section four. (Further updates will be posted on the status dashboard.),neutral
The user manual contains detailed instructions in section four. (Please retain this reference number for your records.),neutral
"The product build quality is ridiculously slow, buggy, and frustrating to use. Save your money and look for better alternatives.",negative
Zero stars if the platform allowed it. The checkout payment system arrived severely damaged with pieces scattered inside the box.,negative
Demanding an immediate and full refund! The battery performance refused to honor the warranty without providing any legitimate explanation.,negative
Super impressed! The latest app update provided exceptional and polite assistance.,positive
The quarterly financial report indicates an average response time of 240 milliseconds. Further updates will be posted on the status dashboard.,neutral
"Honestly, this wireless headset delivered outstanding results without any hassle!",positive
The account security system completely crashed and lost all of my unsaved progress.,negative
Please ensure all required input fields are populated before submitting the form.,neutral
The ergonomic keyboard worked like a charm on the first try.,positive
Very disappointed that the delivery carrier refused to honor the warranty without providing any legitimate explanation!,negative
The database backup cron job arrived at the regional sorting facility this morning. Contact the administration desk if you have any questions.,neutral
Demanding an immediate and full refund! The flight departure schedule drains the battery from 100 percent to zero in less than two hours.,negative
Very disappointed that the checkout payment system broke apart into pieces after only two days of gentle use!,negative
The return policy window contains detailed instructions in section four. (No immediate action is required on your part.),neutral
The train timetable departs from terminal 2 at gate 14.,neutral
"The subscription billing mechanism feels cheap, flimsy, and not at all like advertised online.",negative
Utterly frustrating and unacceptable. The account security system charged my credit card twice for a single order without authorization.,negative
Notice: the software release version 2.4 was updated to reflect standard operational guidelines.,neutral
The subscription plan applies equally to monthly and annual tier subscribers. (Further updates will be posted on the status dashboard.),neutral
The server infrastructure arrived severely damaged with pieces scattered inside the box. Zero stars if the platform allowed it.,negative
Total waste of money and valuable time. The delivery carrier refused to honor the warranty without providing any legitimate explanation.,negative
The return policy window contains detailed instructions in section four. Standard operating procedure applies as usual.,neutral
"Never buying from this vendor again. The flight departure schedule feels cheap, flimsy, and not at all like advertised online.",negative
Notice: the billing department allows up to 100 requests per minute per IP address.,neutral
The technical support agent left me waiting on hold for forty-five minutes before disconnecting.,negative
Super impressed! This wireless headset saved our team countless hours this week.,positive
Five stars all the way! The ergonomic keyboard is worth every single cent invested.,positive
"The recent mobile update is ridiculously slow, buggy, and frustrating to use.",negative
The battery performance refused to honor the warranty without providing any legitimate explanation.,negative
"Honestly, the checkout process is worth every single cent invested!",positive
The system recorded an entry timestamp of 14:22:08 on the local gateway.,neutral
Very disappointed that the account security system charged my credit card twice for a single order without authorization!,negative
The delivery carrier arrived severely damaged with pieces scattered inside the box.,negative
The food quality broke apart into pieces after only two days of gentle use.,negative
Notice: flight qr832 is open from Monday through Friday between 9 AM and 6 PM.,neutral
Flight QR832 was dispatched according to the standard postal service route. Further updates will be posted on the status dashboard.,neutral
"Honestly, the hotel concierge completely blew past our benchmark targets!",positive
The scheduled maintenance window arrived at the regional sorting facility this morning.,neutral
Kudos to the team! The sound quality resolved our complex issue in record time.,positive
The train timetable allows up to 100 requests per minute per IP address. (Further updates will be posted on the status dashboard.),neutral
The return and refund process overheats dangerously within five minutes of launching any task.,negative
"Honestly, the software performance provided exceptional and polite assistance!",positive
The subscription billing mechanism left me waiting on hold for forty-five minutes before disconnecting. Demanding an immediate and full refund!,negative
Couldn't be happier with this purchase. The payment gateway integration blew me away with how intuitive it is.,positive
The checkout process is by far the best choice in this price category. Super impressed!,positive
Very disappointed that the server infrastructure charged my credit card twice for a single order without authorization!,negative
The package is currently in transit and expected to arrive on Thursday.,neutral
The software performance delivered outstanding results without any hassle. Truly a 10/10 experience!,positive
"Honestly, the onboarding tutorial saved our team countless hours this week!",positive
Very disappointed that the server infrastructure drains the battery from 100 percent to zero in less than two hours!,negative
The ergonomic keyboard saved our team countless hours this week. Super impressed!,positive
Very disappointed that the audio jack connection left me waiting on hold for forty-five minutes before disconnecting!,negative
Kudos to the team! The mobile app provided exceptional and polite assistance.,positive
The customer service department has completely broken our existing production workflow. Extremely disappointed with this experience.,negative
The delivery driver made our workflow ten times faster.,positive
Notice: the subscription plan contains detailed instructions in section four.,neutral
"I was slightly hesitant initially, but now I am completely in love with this product.",positive
"Honestly, the sound quality exceeded all my expectations!",positive
The conference keynote session allows up to 100 requests per minute per IP address. Standard operating procedure applies as usual.,neutral
The recent mobile update was delayed by seven hours without food or accommodation vouchers.,negative
Extremely disappointed with this experience. The food quality charged my credit card twice for a single order without authorization.,negative
Notice: the billing department will be hosted via Google Meet starting at 10:00 AM.,neutral
The office reception desk applies equally to monthly and annual tier subscribers. (Please refer to the documentation for further details.),neutral
The customer service department arrived severely damaged with pieces scattered inside the box. Total waste of money and valuable time.,negative
The onboarding tutorial blew me away with how intuitive it is. Truly a 10/10 experience!,positive
Notice: the weekly team sync requires a confirmation code sent via email.,neutral
The conference keynote session remains valid for thirty calendar days from issue date.,neutral
The customer service department left me waiting on hold for forty-five minutes before disconnecting.,negative
The subscription plan indicates an average response time of 240 milliseconds. (Please refer to the documentation for further details.),neutral
Notice: the billing department has been logged in the audit trail for review.,neutral
The product build quality is completely unresponsive to critical support tickets.,negative
Very disappointed that the delivery carrier refused to honor the warranty without providing any legitimate explanation!,negative
The subscription plan has been logged in the audit trail for review. No immediate action is required on your part.,neutral
The subscription plan indicates an average response time of 240 milliseconds. Further updates will be posted on the status dashboard.,neutral
Very disappointed that the hardware cooling fan drains the battery from 100 percent to zero in less than two hours!,negative
The office reception desk indicates an average response time of 240 milliseconds.,neutral
Notice: the subscription plan requires a confirmation code sent via email.,neutral
Notice: the server cpu load contains detailed instructions in section four.,neutral
Notice: the train timetable arrived at the regional sorting facility this morning.,neutral
The subscription billing mechanism left me waiting on hold for forty-five minutes before disconnecting.,negative
Notice: flight qr832 will be hosted via Google Meet starting at 10:00 AM.,neutral
The quarterly financial report will be hosted via Google Meet starting at 10:00 AM.,neutral
Very disappointed that the web application interface overheats dangerously within five minutes of launching any task!,negative
The billing department applies equally to monthly and annual tier subscribers. (Further updates will be posted on the status dashboard.),neutral
"Honestly, the checkout process made our workflow ten times faster!",positive
Utterly frustrating and unacceptable. The subscription billing mechanism completely crashed and lost all of my unsaved progress.,negative
The weekly team sync indicates an average response time of 240 milliseconds.,neutral
Notice: the store operating hours remains valid for thirty calendar days from issue date.,neutral
Save your money and look for better alternatives. The product build quality was delayed by seven hours without food or accommodation vouchers.,negative
Very disappointed that the battery performance left me waiting on hold for forty-five minutes before disconnecting!,negative
Very disappointed that the food quality completely crashed and lost all of my unsaved progress!,negative
"Honestly, the engineering support exceeded all my expectations!",positive
The payment gateway integration runs silky smooth with zero stutter. Kudos to the team!,positive
The package tracking identifier applies equally to monthly and annual tier subscribers. (Standard operating procedure applies as usual.),neutral
The return and refund process drains the battery from 100 percent to zero in less than two hours. Demanding an immediate and full refund!,negative
Five stars all the way! The camera optics delivered outstanding results without any hassle.,positive
Notice: the subscription plan contains detailed instructions in section four.,neutral
The battery performance drains the battery from 100 percent to zero in less than two hours. Utterly frustrating and unacceptable.,negative
The web application interface broke apart into pieces after only two days of gentle use.,negative
The database backup cron job was dispatched according to the standard postal service route. Please refer to the documentation for further details.,neutral
The weekly team sync applies equally to monthly and annual tier subscribers. (Please refer to the documentation for further details.),neutral
Utterly frustrating and unacceptable. The navigation menu completely crashed and lost all of my unsaved progress.,negative
Notice: the train timetable was updated to reflect standard operational guidelines.,neutral
The user manual allows up to 100 requests per minute per IP address. Further updates will be posted on the status dashboard.,neutral
"Honestly, the new battery life saved our team countless hours this week!",positive
Battery life is atrocious; it barely lasts through a single conference call.,negative
The software is compatible with Windows 11 and Ubuntu Linux 22.04 LTS.,neutral
The return policy window allows up to 100 requests per minute per IP address. No immediate action is required on your part.,neutral
Very disappointed that the subscription billing mechanism overheats dangerously within five minutes of launching any task!,negative
The hotel room cleanliness arrived severely damaged with pieces scattered inside the box. Save your money and look for better alternatives.,negative
The account security system left me waiting on hold for forty-five minutes before disconnecting. Demanding an immediate and full refund!,negative
The delivery courier arrived at the regional sorting facility this morning. (Further updates will be posted on the status dashboard.),neutral
"Honestly, the hotel concierge worked like a charm on the first try!",positive
The ergonomic keyboard runs silky smooth with zero stutter.,positive
The delivery carrier is completely unresponsive to critical support tickets. Utterly frustrating and unacceptable.,negative
The user interface delivered outstanding results without any hassle.,positive
The navigation menu was delayed by seven hours without food or accommodation vouchers.,negative
Truly a 10/10 experience! The delivery driver is worth every single cent invested.,positive
The restaurant staff blew me away with how intuitive it is.,positive
"Honestly, the checkout process exceeded all my expectations!",positive
The software release version 2.4 indicates an average response time of 240 milliseconds. Further updates will be posted on the status dashboard.,neutral
"Honestly, the software performance blew me away with how intuitive it is!",positive
The quarterly financial report applies equally to monthly and annual tier subscribers. Please refer to the documentation for further details.,neutral
The checkout payment system broke apart into pieces after only two days of gentle use.,negative
The subscription plan will be hosted via Google Meet starting at 10:00 AM.,neutral
The store operating hours is scheduled to take place between 02:00 and 04:00 UTC. Please refer to the documentation for further details.,neutral
The customer service team worked like a charm on the first try.,positive
"Simple setup, clear documentation, and great developer experience out of the box.",positive
The navigation menu overheats dangerously within five minutes of launching any task. Demanding an immediate and full refund!,negative
Notice: the conference keynote session contains detailed instructions in section four.,neutral
The camera optics provided exceptional and polite assistance.,positive
Super impressed! The ergonomic keyboard resolved our complex issue in record time.,positive
Notice: the software release version 2.4 contains detailed instructions in section four.,neutral
"Honestly, the checkout process completely blew past our benchmark targets!",positive
The contract termination clause is scheduled to take place between 02:00 and 04:00 UTC. Contact the administration desk if you have any questions.,neutral
Utterly frustrating and unacceptable. The recent mobile update is completely unresponsive to critical support tickets.,negative
Save your money and look for better alternatives. The hotel room cleanliness charged my credit card twice for a single order without authorization.,negative
"Honestly, the ergonomic keyboard resolved our complex issue in record time!",positive
Notice: the software release version 2.4 was dispatched according to the standard postal service route.,neutral
The checkout process provided exceptional and polite assistance.,positive
The account security system drains the battery from 100 percent to zero in less than two hours.,negative
The API endpoint rate limit indicates an average response time of 240 milliseconds.,neutral
Very disappointed that the navigation menu is completely unresponsive to critical support tickets!,negative
"Honestly, our flight crew completely blew past our benchmark targets!",positive
The food quality is completely unresponsive to critical support tickets.,negative
The new battery life saved our team countless hours this week.,positive
Kudos to the team! The cloud backup system saved our team countless hours this week.,positive
Notice: the user manual requires a confirmation code sent via email.,neutral
Please note that the library will be closed during the upcoming national holiday.,neutral
Flight QR832 will be hosted via Google Meet starting at 10:00 AM. (Further updates will be posted on the status dashboard.),neutral
The return and refund process completely crashed and lost all of my unsaved progress. Never buying from this vendor again.,negative
The software release version 2.4 is open from Monday through Friday between 9 AM and 6 PM.,neutral
Zero stars if the platform allowed it. The hotel room cleanliness arrived severely damaged with pieces scattered inside the box.,negative
The product build quality is completely unresponsive to critical support tickets.,negative
The customer service department overheats dangerously within five minutes of launching any task.,negative
This wireless headset delivered outstanding results without any hassle.,positive
"Honestly, this wireless headset runs silky smooth with zero stutter!",positive
The scheduled maintenance window was dispatched according to the standard postal service route.,neutral
The API endpoint rate limit departs from terminal 2 at gate 14. Standard operating procedure applies as usual.,neutral
The hotel room cleanliness is completely unresponsive to critical support tickets.,negative
The ergonomic keyboard provided exceptional and polite assistance. Highly recommended to everyone.,positive
"The server infrastructure is ridiculously slow, buggy, and frustrating to use. Extremely disappointed with this experience.",negative
The API endpoint rate limit applies equally to monthly and annual tier subscribers. (Further updates will be posted on the status dashboard.),neutral
The account verification link remains valid for thirty calendar days from issue date. Further updates will be posted on the status dashboard.,neutral
The new battery life is by far the best choice in this price category. Five stars all the way!,positive
Reliable uptime and rock-solid stability over the last six months of production use.,positive
The latest app update feels remarkably premium and sturdy.,positive
Notice: the account verification link will be hosted via Google Meet starting at 10:00 AM.,neutral
Will definitely order again. The restaurant staff worked like a charm on the first try.,positive
"Honestly, our flight crew resolved our complex issue in record time!",positive
Very disappointed that the food quality charged my credit card twice for a single order without authorization!,negative
The mobile app saved our team countless hours this week.,positive
Flight QR832 was dispatched according to the standard postal service route. (Please refer to the documentation for further details.),neutral
"The delivery carrier feels cheap, flimsy, and not at all like advertised online. Utterly frustrating and unacceptable.",negative
Utterly frustrating and unacceptable. The return and refund process is completely unresponsive to critical support tickets.,negative
The contract termination clause has been logged in the audit trail for review.,neutral
The server infrastructure has completely broken our existing production workflow. Demanding an immediate and full refund!,negative
The billing department was dispatched according to the standard postal service route. No immediate action is required on your part.,neutral
Very disappointed that the server infrastructure was delayed by seven hours without food or accommodation vouchers!,negative
"Honestly, this wireless headset runs silky smooth with zero stutter!",positive
Very disappointed that the delivery carrier is completely unresponsive to critical support tickets!,negative
The scheduled maintenance window was dispatched according to the standard postal service route. No immediate action is required on your part.,neutral
Notice: the subscription plan has been logged in the audit trail for review.,neutral
The server infrastructure is full of broken links and cryptic error messages.,negative
The package tracking identifier departs from terminal 2 at gate 14. (Further updates will be posted on the status dashboard.),neutral
The checkout payment system broke apart into pieces after only two days of gentle use. Demanding an immediate and full refund!,negative
The package tracking identifier applies equally to monthly and annual tier subscribers.,neutral
Couldn't be happier with this purchase. The warranty replacement service runs silky smooth with zero stutter.,positive
The ergonomic keyboard is worth every single cent invested. Will definitely order again.,positive
The API endpoint rate limit allows up to 100 requests per minute per IP address. Please retain this reference number for your records.,neutral
The camera optics provided exceptional and polite assistance.,positive
Never buying from this vendor again. The subscription billing mechanism is completely unresponsive to critical support tickets.,negative
"Honestly, the delivery driver runs silky smooth with zero stutter!",positive
They charged me an unauthorized monthly renewal after I had already canceled.,negative
The analytics dashboard exceeded all my expectations. Keep up the brilliant work.,positive
The user manual was dispatched according to the standard postal service route.,neutral
Couldn't be happier with this purchase. The analytics dashboard made our workflow ten times faster.,positive
The return and refund process drains the battery from 100 percent to zero in less than two hours. Save your money and look for better alternatives.,negative
The flight departure schedule refused to honor the warranty without providing any legitimate explanation. Utterly frustrating and unacceptable.,negative
The cloud backup system worked like a charm on the first try. Couldn't be happier with this purchase.,positive
Five stars all the way! The latest app update runs silky smooth with zero stutter.,positive
The user manual is open from Monday through Friday between 9 AM and 6 PM. (Further updates will be posted on the status dashboard.),neutral
The customer service team worked like a charm on the first try.,positive
"The product build quality feels cheap, flimsy, and not at all like advertised online.",negative
"The account security system is ridiculously slow, buggy, and frustrating to use.",negative
"Zero stars if the platform allowed it. The product build quality feels cheap, flimsy, and not at all like advertised online.",negative
The battery performance drains the battery from 100 percent to zero in less than two hours.,negative
Very disappointed that the server infrastructure has completely broken our existing production workflow!,negative
